No.,md5hash,ec2 instance-id,title
1,d84748ee6847823e7661c6ace75eb3ab,i-08fb7ae532171e2f6,Ensure mounting of unneeded filesystems are disabled : Kernel Module cramfs is expected to be disabled
2,7689143c354e7409a1eef986c847b0ee,i-08fb7ae532171e2f6,Ensure mounting of unneeded filesystems are disabled : Kernel Module freevxfs is expected to be disabled
3,3083398c14aeb51ac9d5600c3648a416,i-08fb7ae532171e2f6,Ensure mounting of unneeded filesystems are disabled : Kernel Module jffs2 is expected to be disabled
4,cccfe94418c136c94368bbfc6c8fa8a3,i-08fb7ae532171e2f6,Ensure mounting of unneeded filesystems are disabled : Kernel Module hfs is expected to be disabled
5,a2dccb504d72b967f46880039ab52fce,i-08fb7ae532171e2f6,Ensure mounting of unneeded filesystems are disabled : Kernel Module hfsplus is expected to be disabled
6,c470bac0538f0de37c88a488df43b926,i-08fb7ae532171e2f6,Ensure mounting of unneeded filesystems are disabled : Kernel Module squashfs is expected to be disabled
7,e5161913942e31497ae1c9d15591b909,i-08fb7ae532171e2f6,Ensure mounting of unneeded filesystems are disabled : Kernel Module udf is expected to be disabled
8,f21740c765775189a1c3c277a8cfee84,i-08fb7ae532171e2f6,"Ensure nodev, nosuid and noexec option set on /dev/shm partition. : Mount /dev/shm options is expected to include ""noexec"""
9,57d4496ae948b28c366cdb15a9496d58,i-08fb7ae532171e2f6,Ensure sudo commands use pty. : File /etc/sudoers.d/README content is expected to match /^Defaults\suse_pty/
10,7232209556db1eddf30ed4e0769806c9,i-08fb7ae532171e2f6,Ensure sudo commands use pty. : File /etc/sudoers.d/90-cloud-init-users content is expected to match /^Defaults\suse_pty/
11,0d4aed8a5c4918686fff79d085e9bd17,i-08fb7ae532171e2f6,Ensure sudo commands use pty. : File /etc/sudoers.d/99-snapd.conf content is expected to match /^Defaults\suse_pty/
12,05f69ee876fdb8127842839b4a1f5f35,i-08fb7ae532171e2f6,Ensure sudo commands use pty. : File /etc/sudoers content is expected to match /^Defaults\suse_pty/
13,1acec263e1443479d2d93d1906100d3a,i-08fb7ae532171e2f6,Ensure core dumps are restricted : File /etc/security/limits.conf content is expected to match /^\s*\*\s+hard\s+core\s+0\s*(?:#.*)?$/
14,f32cc663e2f451fe913935ca3ef0615d,i-08fb7ae532171e2f6,Ensure core dumps are restricted : Kernel Parameter fs.suid_dumpable value is expected to eq 0
15,b1826e6072d70398dcc5f4a5d3e754d4,i-08fb7ae532171e2f6,Ensure chrony is installed and running. : System Package chrony is expected to be installed
16,d5af0006a4fce4a8746b7f1e7b1a99e0,i-08fb7ae532171e2f6,Ensure chrony is installed and running. : Processes chronyd is expected to exist
17,fa41397e4ae1cfb4dd64d6015e4ab219,i-08fb7ae532171e2f6,Ensure chrony is configured. : File /etc/chrony/chrony.conf content is expected to match /^server ntp.non-prod.is.estl.sg iburst/
18,b0a85b0a93d713d3d7039c7280bc2a4a,i-08fb7ae532171e2f6,Ensure unneeded services are disabled. : Service rsync is expected not to be enabled
19,31e7d2fd0406b58a3b97478335cce7bb,i-08fb7ae532171e2f6,Ensure unneeded clients are not installed. : System Package telnet is expected not to be installed
20,55f3fb00294199efda8b1bbf5fa5b80c,i-08fb7ae532171e2f6,Ensure packet redirect sending is disabled : Kernel Parameter net.ipv4.conf.all.send_redirects value is expected to eq 0
21,d45f12922381731288d89c51913dc54e,i-08fb7ae532171e2f6,Ensure packet redirect sending is disabled : Kernel Parameter net.ipv4.conf.default.send_redirects value is expected to eq 0
22,79f968e2c5e8e4d645d4552656d141a7,i-08fb7ae532171e2f6,Ensure source routed packets are not accepted : Kernel Parameter net.ipv4.conf.default.accept_source_route value is expected to eq 0
23,a4b17914a2cf7b5d76b2f82e1491d0ff,i-08fb7ae532171e2f6,Ensure ICMP redirects are not accepted : Kernel Parameter net.ipv4.conf.all.accept_redirects value is expected to eq 0
24,4a14ebad14f9a547e81ce5b7e1a41c23,i-08fb7ae532171e2f6,Ensure ICMP redirects are not accepted : Kernel Parameter net.ipv4.conf.default.accept_redirects value is expected to eq 0
25,189b7ac1ccf9c9010a2cf415f08fa2d8,i-08fb7ae532171e2f6,Ensure ICMP redirects are not accepted : Kernel Parameter net.ipv6.conf.all.accept_redirects value is expected to eq 0
26,a5f230ea5da161b6d8fa98b8c3408b3d,i-08fb7ae532171e2f6,Ensure ICMP redirects are not accepted : Kernel Parameter net.ipv6.conf.default.accept_redirects value is expected to eq 0
27,d63b05344f1c56c291f1434f4800165a,i-08fb7ae532171e2f6,Ensure secure ICMP redirects are not accepted : Kernel Parameter net.ipv4.conf.all.secure_redirects value is expected to eq 0
28,346417d7199f8f7d8795d4268eea4a5d,i-08fb7ae532171e2f6,Ensure secure ICMP redirects are not accepted : Kernel Parameter net.ipv4.conf.default.secure_redirects value is expected to eq 0
29,7d993d6d72ad6d4f1d6baa8acd6e7e79,i-08fb7ae532171e2f6,Ensure suspicious packets are logged : Kernel Parameter net.ipv4.conf.all.log_martians value is expected to eq 1
30,0e110d2600af0fef170b75d24c7ffc5d,i-08fb7ae532171e2f6,Ensure suspicious packets are logged : Kernel Parameter net.ipv4.conf.default.log_martians value is expected to eq 1
31,63665c59964d9fff10993502c55bb7eb,i-08fb7ae532171e2f6,Ensure IPv6 router advertisements are not accepted : Kernel Parameter net.ipv6.conf.all.accept_ra value is expected to eq 0
32,50cbcbb60a35e5f56c7ddb74812f6d19,i-08fb7ae532171e2f6,Ensure IPv6 router advertisements are not accepted : Kernel Parameter net.ipv6.conf.default.accept_ra value is expected to eq 0
33,275ee89ebe9a37125a9fbc01f154b5bf,i-08fb7ae532171e2f6,Ensure unneeded network protocols are disabled. : Kernel Module dccp is expected to be disabled
34,3262c19cf86cccfb5be3aa38ffbf0412,i-08fb7ae532171e2f6,Ensure unneeded network protocols are disabled. : Kernel Module sctp is expected to be disabled
35,6b301e382d2f83852a4bcb5ec97b332d,i-08fb7ae532171e2f6,Ensure unneeded network protocols are disabled. : Kernel Module rds is expected to be disabled
36,7d932e667a2bf61ac3eac5c374878420,i-08fb7ae532171e2f6,Ensure unneeded network protocols are disabled. : Kernel Module tipc is expected to be disabled
37,8f6113c92a7ffc546b66cd18a12be48c,i-08fb7ae532171e2f6,"Ensure auditbeat is installed, enabled and running. : System Package auditbeat is expected to be installed"
38,06c37a8c96b6be3626621b60437f8f60,i-08fb7ae532171e2f6,"Ensure auditbeat is installed, enabled and running. : Service auditbeat is expected to be enabled"
39,34e265339f91253cfc905e361a3744c2,i-08fb7ae532171e2f6,"Ensure auditbeat is installed, enabled and running. : Service auditbeat is expected to be running"
40,f9e4898d2746c33346aa61e0fb49ea47,i-08fb7ae532171e2f6,Ensure auditing for processes start prior to auditbeat is enabled. : File /boot/grub/grub.conf content is expected to match /audit=1/
41,843f8839e7ca0b4bc1de1b586fb04a14,i-08fb7ae532171e2f6,Ensure auditing for processes start prior to auditbeat is enabled. : File /boot/grub/grub.cfg content is expected to match /audit=1/
42,24543f4a207a7cf61c896516edc14329,i-08fb7ae532171e2f6,Ensure auditing for processes start prior to auditbeat is enabled. : File /boot/grub/menu.lst content is expected to match /audit=1/
43,a75961b743a4457286e55bbfb3183351,i-08fb7ae532171e2f6,Ensure auditing for processes start prior to auditbeat is enabled. : File /boot/boot/grub/grub.conf content is expected to match /audit=1/
44,727b6336e037b698673ff4fd3ca40592,i-08fb7ae532171e2f6,Ensure auditing for processes start prior to auditbeat is enabled. : File /boot/boot/grub/grub.cfg content is expected to match /audit=1/
45,d87c189cfae132d10e00822f93484ae5,i-08fb7ae532171e2f6,Ensure auditing for processes start prior to auditbeat is enabled. : File /boot/boot/grub/menu.lst content is expected to match /audit=1/
46,3fccc3e92d0d9dd4d39b0781518d1eea,i-08fb7ae532171e2f6,Ensure auditing for processes start prior to auditbeat is enabled. : File /boot/grub2/grub.cfg content is expected to match /audit=1/
47,2848a028adf03e33c7175c5bf25f2b52,i-08fb7ae532171e2f6,Ensure auditing for processes start prior to auditbeat is enabled. : File /usr/share/oem/grub.cfg content is expected to match /audit=1/
48,e775e4a2faa04e8f211ddccf067b76cf,i-08fb7ae532171e2f6,Ensure audit_backlog_limit is sufficient (). : File /boot/grub/grub.conf content is expected to match /audit_backlog_limit=8192/
49,c54fff86c1c10d74ed59b1166763fe32,i-08fb7ae532171e2f6,Ensure audit_backlog_limit is sufficient (). : File /boot/grub/grub.cfg content is expected to match /audit_backlog_limit=8192/
50,f7d195c3181aea1bea2a57dc600c9d3e,i-08fb7ae532171e2f6,Ensure audit_backlog_limit is sufficient (). : File /boot/grub/menu.lst content is expected to match /audit_backlog_limit=8192/
51,4d40c85718d330232689755bc0d9bf1c,i-08fb7ae532171e2f6,Ensure audit_backlog_limit is sufficient (). : File /boot/boot/grub/grub.conf content is expected to match /audit_backlog_limit=8192/
52,a5337374e3f45b82948f8a84045ff83c,i-08fb7ae532171e2f6,Ensure audit_backlog_limit is sufficient (). : File /boot/boot/grub/grub.cfg content is expected to match /audit_backlog_limit=8192/
53,a9c99b0a16af8527787a8477f104d6cd,i-08fb7ae532171e2f6,Ensure audit_backlog_limit is sufficient (). : File /boot/boot/grub/menu.lst content is expected to match /audit_backlog_limit=8192/
54,5c93768940cd6fd55dfbaef064f832d8,i-08fb7ae532171e2f6,Ensure audit_backlog_limit is sufficient (). : File /boot/grub2/grub.cfg content is expected to match /audit_backlog_limit=8192/
55,4e4a0ec5d5203acccf635e96577de41d,i-08fb7ae532171e2f6,Ensure audit_backlog_limit is sufficient (). : File /usr/share/oem/grub.cfg content is expected to match /audit_backlog_limit=8192/
56,c13df319783778ebfb7c22612fdb9acd,i-08fb7ae532171e2f6,"Ensure events that modify date and time information are collected : Command: `auditbeat show auditd-rules | grep time-change` stdout is expected to match /^-a (always,exit|exit,always) -F arch=b64 -S (.*adjtimex.*) -F auid!=(-1|4294967295) -F key=time-change/"
57,f746b1785846f8924d99fa7695346fcb,i-08fb7ae532171e2f6,"Ensure events that modify date and time information are collected : Command: `auditbeat show auditd-rules | grep time-change` stdout is expected to match /^-a (always,exit|exit,always) -F arch=b64 -S (.*settimeofday.*) -F auid!=(-1|4294967295) -F key=time-change/"
58,ddbe88af2f0fa6d5866095eaec370a70,i-08fb7ae532171e2f6,"Ensure events that modify date and time information are collected : Command: `auditbeat show auditd-rules | grep time-change` stdout is expected to match /^-a (always,exit|exit,always) -F arch=b64 -S (.*clock_settime.*) -F auid!=(-1|4294967295) -F key=time-change/"
59,e852f5c42d02cfb02db4b301d61082df,i-08fb7ae532171e2f6,"Ensure events that modify date and time information are collected : Command: `auditbeat show auditd-rules | grep time-change` stdout is expected to match /^-a (always,exit|exit,always) -F arch=b32 -S (.*stime.*) -F auid!=(-1|4294967295) -F key=time-change/"
60,2df805c41071303705dbb6571a66e0ed,i-08fb7ae532171e2f6,"Ensure events that modify date and time information are collected : Command: `auditbeat show auditd-rules | grep time-change` stdout is expected to match /^-a (always,exit|exit,always) -F arch=b32 -S (.*settimeofday.*) -F auid!=(-1|4294967295) -F key=time-change/"
61,a972cfe72c72028d4ad5976568ebb7d3,i-08fb7ae532171e2f6,"Ensure events that modify date and time information are collected : Command: `auditbeat show auditd-rules | grep time-change` stdout is expected to match /^-a (always,exit|exit,always) -F arch=b32 -S (.*adjtimex.*) -F auid!=(-1|4294967295) -F key=time-change/"
62,714d1330f3e0c5b218a547ad53e8acea,i-08fb7ae532171e2f6,"Ensure events that modify date and time information are collected : Command: `auditbeat show auditd-rules | grep time-change` stdout is expected to match /^-a (always,exit|exit,always) -F arch=b32 -S (.*clock_settime.*) -F auid!=(-1|4294967295) -F key=time-change/"
63,43de24a8b3c22e8c27077aa335c5c69e,i-08fb7ae532171e2f6,"Ensure events that modify date and time information are collected : Command: `auditbeat show auditd-rules | grep time-change` stdout is expected to match /^-a (always,exit|exit,always) -S all -F path=\/etc\/localtime -F perm=(wa|aw) -F auid!=(-1|4294967295) -F key=time-change/"
64,b4a56e2f178e4d102e5ee37ab158323e,i-08fb7ae532171e2f6,"Ensure events that modify user/group information are collected : Command: `auditbeat show auditd-rules | grep identity` stdout is expected to match /^-a (always,exit|exit,always) -S all -F path=\/etc\/group -F perm=(wa|aw) -F auid!=(-1|4294967295) -F key=identity/"
65,59826d01099293620ad66c35aba9cfb5,i-08fb7ae532171e2f6,"Ensure events that modify user/group information are collected : Command: `auditbeat show auditd-rules | grep identity` stdout is expected to match /^-a (always,exit|exit,always) -S all -F path=\/etc\/passwd -F perm=(wa|aw) -F auid!=(-1|4294967295) -F key=identity/"
66,a1705196f17cbd98fe18fdd1b05a6f4b,i-08fb7ae532171e2f6,"Ensure events that modify user/group information are collected : Command: `auditbeat show auditd-rules | grep identity` stdout is expected to match /^-a (always,exit|exit,always) -S all -F path=\/etc\/gshadow -F perm=(wa|aw) -F auid!=(-1|4294967295) -F key=identity/"
67,ffbd8043be4deabbbb6419804361d5dc,i-08fb7ae532171e2f6,"Ensure events that modify user/group information are collected : Command: `auditbeat show auditd-rules | grep identity` stdout is expected to match /^-a (always,exit|exit,always) -S all -F path=\/etc\/shadow -F perm=(wa|aw) -F auid!=(-1|4294967295) -F key=identity/"
68,823660afd768eb3e36f5a469961117e7,i-08fb7ae532171e2f6,"Ensure events that modify user/group information are collected : Command: `auditbeat show auditd-rules | grep identity` stdout is expected to match /^-a (always,exit|exit,always) -S all -F path=\/etc\/security\/opasswd -F perm=(wa|aw) -F auid!=(-1|4294967295) -F key=identity/"
69,9b7801316bb64a2e701ab925fa54f63d,i-08fb7ae532171e2f6,"Ensure events that modify the system's network environment are collected : Command: `auditbeat show auditd-rules | grep system-locale` stdout is expected to match /^-a (always,exit|exit,always) -F arch=b64 -S (.*sethostname.*) -F auid!=(-1|4294967295) -F key=system-locale/"
70,49e26ab1bd5fd4fff719694f5dd5c9c9,i-08fb7ae532171e2f6,"Ensure events that modify the system's network environment are collected : Command: `auditbeat show auditd-rules | grep system-locale` stdout is expected to match /^-a (always,exit|exit,always) -F arch=b32 -S (.*sethostname.*) -F auid!=(-1|4294967295) -F key=system-locale/"
71,c2e7976f9b5f2faecb80924841e4123e,i-08fb7ae532171e2f6,"Ensure events that modify the system's network environment are collected : Command: `auditbeat show auditd-rules | grep system-locale` stdout is expected to match /^-a (always,exit|exit,always) -F arch=b64 -S (.*setdomainname.*) -F auid!=(-1|4294967295) -F key=system-locale/"
72,eabac84f628fac20213b6682511adfa4,i-08fb7ae532171e2f6,"Ensure events that modify the system's network environment are collected : Command: `auditbeat show auditd-rules | grep system-locale` stdout is expected to match /^-a (always,exit|exit,always) -F arch=b32 -S (.*setdomainname.*) -F auid!=(-1|4294967295) -F key=system-locale/"
73,6408658aeea91dc4e6493841311feb71,i-08fb7ae532171e2f6,"Ensure events that modify the system's network environment are collected : Command: `auditbeat show auditd-rules | grep system-locale` stdout is expected to match /^-a (always,exit|exit,always) -S all -F path=\/etc\/issue -F perm=(wa|aw) -F auid!=(-1|4294967295) -F key=system-locale/"
74,7f4ac8b768a41d822a4ee25ff12ee785,i-08fb7ae532171e2f6,"Ensure events that modify the system's network environment are collected : Command: `auditbeat show auditd-rules | grep system-locale` stdout is expected to match /^-a (always,exit|exit,always) -S all -F path=\/etc\/issue.net -F perm=(wa|aw) -F auid!=(-1|4294967295) -F key=system-locale/"
75,3ead8aee00dc4b759fca0d0f04c656e0,i-08fb7ae532171e2f6,"Ensure events that modify the system's network environment are collected : Command: `auditbeat show auditd-rules | grep system-locale` stdout is expected to match /^-a (always,exit|exit,always) -S all -F path=\/etc\/hosts -F perm=(wa|aw) -F auid!=(-1|4294967295) -F key=system-locale/"
76,c55ae886a14d84af413e5f4bcfe9d900,i-08fb7ae532171e2f6,"Ensure events that modify the system's network environment are collected : Command: `auditbeat show auditd-rules | grep system-locale` stdout is expected to match /^-a (always,exit|exit,always) -S all -F path=\/etc\/network -F perm=(wa|aw) -F auid!=(-1|4294967295) -F key=system-locale/"
77,d3aafa4beee3aaf65a87962ac2a611d7,i-08fb7ae532171e2f6,"Ensure events that modify the system's Mandatory Access Controls are collected : Command: `auditbeat show auditd-rules | grep MAC-policy` stdout is expected to match /^-a (always,exit|exit,always) -S all -F path=\/etc\/apparmor -F perm=(wa|aw) -F auid!=(-1|4294967295) -F key=MAC-policy/"
78,452d798383035516cc19b030dd11648e,i-08fb7ae532171e2f6,"Ensure events that modify the system's Mandatory Access Controls are collected : Command: `auditbeat show auditd-rules | grep MAC-policy` stdout is expected to match /^-a (always,exit|exit,always) -S all -F path=\/etc\/apparmor.d -F perm=(wa|aw) -F auid!=(-1|4294967295) -F key=MAC-policy/"
79,8853a839d73e28db0ccf6d9ada28ce95,i-08fb7ae532171e2f6,"Ensure login and logout events are collected : Command: `auditbeat show auditd-rules | grep logins` stdout is expected to match /^-a (always,exit|exit,always) -S all -F path=\/var\/log\/faillog -F perm=(wa|aw) -F auid!=(-1|4294967295) -F key=logins/"
80,3926c60819e336fbf79eb9bcb5c2454d,i-08fb7ae532171e2f6,"Ensure login and logout events are collected : Command: `auditbeat show auditd-rules | grep logins` stdout is expected to match /^-a (always,exit|exit,always) -S all -F path=\/var\/log\/lastlog -F perm=(wa|aw) -F auid!=(-1|4294967295) -F key=logins/"
81,ae22e2aa53fa66dae73644102f99a31d,i-08fb7ae532171e2f6,"Ensure login and logout events are collected : Command: `auditbeat show auditd-rules | grep logins` stdout is expected to match /^-a (always,exit|exit,always) -S all -F path=\/var\/log\/tallylog -F perm=(wa|aw) -F auid!=(-1|4294967295) -F key=logins/"
82,59b2b0fc0b8cee406b3b905692b7cb7a,i-08fb7ae532171e2f6,"Ensure session initiation information is collected : Command: `auditbeat show auditd-rules | grep logins` stdout is expected to match /^-a (always,exit|exit,always) -S all -F path=\/var\/log\/wtmp -F perm=(wa|aw) -F auid!=(-1|4294967295) -F key=logins/"
83,0be3565fb24f9de7b17859eb8c3d3369,i-08fb7ae532171e2f6,"Ensure session initiation information is collected : Command: `auditbeat show auditd-rules | grep logins` stdout is expected to match /^-a (always,exit|exit,always) -S all -F path=\/var\/log\/btmp -F perm=(wa|aw) -F auid!=(-1|4294967295) -F key=logins/"
84,57dd545b74a1908a54a1c860aa375ac1,i-08fb7ae532171e2f6,"Ensure session initiation information is collected : Command: `auditbeat show auditd-rules | grep session` stdout is expected to match /^-a (always,exit|exit,always) -S all -F path=\/var\/run\/utmp -F perm=(wa|aw) -F auid!=(-1|4294967295) -F key=session/"
85,bfa51c04ad369f13c3bbd6e73332d1cf,i-08fb7ae532171e2f6,"Ensure discretionary access control permission modification events are collected : Command: `auditbeat show auditd-rules | grep perm_mod` stdout is expected to match /^-a (always,exit|exit,always) -F arch=b64 -S (.*chmod.*) -F auid>=(1000|ubuntu) -F auid!=(-1|4294967295) -F key=perm_mod/"
86,c4ff59dcb39bb806ba2e5b89d90429e1,i-08fb7ae532171e2f6,"Ensure discretionary access control permission modification events are collected : Command: `auditbeat show auditd-rules | grep perm_mod` stdout is expected to match /^-a (always,exit|exit,always) -F arch=b32 -S (.*chmod.*) -F auid>=(1000|ubuntu) -F auid!=(-1|4294967295) -F key=perm_mod/"
87,42e21f582effbac5af287c229663c6c4,i-08fb7ae532171e2f6,"Ensure discretionary access control permission modification events are collected : Command: `auditbeat show auditd-rules | grep perm_mod` stdout is expected to match /^-a (always,exit|exit,always) -F arch=b64 -S (.*fchmod.*) -F auid>=(1000|ubuntu) -F auid!=(-1|4294967295) -F key=perm_mod/"
88,d5de436477e85c6624aeebec0eff2365,i-08fb7ae532171e2f6,"Ensure discretionary access control permission modification events are collected : Command: `auditbeat show auditd-rules | grep perm_mod` stdout is expected to match /^-a (always,exit|exit,always) -F arch=b32 -S (.*fchmod.*) -F auid>=(1000|ubuntu) -F auid!=(-1|4294967295) -F key=perm_mod/"
89,79c7fc4d228aa2f6985ccbd9ae0edc09,i-08fb7ae532171e2f6,"Ensure discretionary access control permission modification events are collected : Command: `auditbeat show auditd-rules | grep perm_mod` stdout is expected to match /^-a (always,exit|exit,always) -F arch=b64 -S (.*fchmodat.*) -F auid>=(1000|ubuntu) -F auid!=(-1|4294967295) -F key=perm_mod/"
90,ab7720ae910e0580dbcc7213ba18dc17,i-08fb7ae532171e2f6,"Ensure discretionary access control permission modification events are collected : Command: `auditbeat show auditd-rules | grep perm_mod` stdout is expected to match /^-a (always,exit|exit,always) -F arch=b32 -S (.*fchmodat.*) -F auid>=(1000|ubuntu) -F auid!=(-1|4294967295) -F key=perm_mod/"
91,ac8e20fbb6ce49cd46ecc6635d3f71f8,i-08fb7ae532171e2f6,"Ensure discretionary access control permission modification events are collected : Command: `auditbeat show auditd-rules | grep perm_mod` stdout is expected to match /^-a (always,exit|exit,always) -F arch=b64 -S (.*chown.*) -F auid>=(1000|ubuntu) -F auid!=(-1|4294967295) -F key=perm_mod/"
92,8533cdf98a39872f1fa98d5bc0b39191,i-08fb7ae532171e2f6,"Ensure discretionary access control permission modification events are collected : Command: `auditbeat show auditd-rules | grep perm_mod` stdout is expected to match /^-a (always,exit|exit,always) -F arch=b32 -S (.*chown.*) -F auid>=(1000|ubuntu) -F auid!=(-1|4294967295) -F key=perm_mod/"
93,bb79e2b77bd5f0e2b24ea625f4df59d1,i-08fb7ae532171e2f6,"Ensure discretionary access control permission modification events are collected : Command: `auditbeat show auditd-rules | grep perm_mod` stdout is expected to match /^-a (always,exit|exit,always) -F arch=b64 -S (.*fchown.*) -F auid>=(1000|ubuntu) -F auid!=(-1|4294967295) -F key=perm_mod/"
94,585c659c77ef1375c142d7ee66b2a10e,i-08fb7ae532171e2f6,"Ensure discretionary access control permission modification events are collected : Command: `auditbeat show auditd-rules | grep perm_mod` stdout is expected to match /^-a (always,exit|exit,always) -F arch=b32 -S (.*fchown.*) -F auid>=(1000|ubuntu) -F auid!=(-1|4294967295) -F key=perm_mod/"
95,fe8a7e6db666c98aa8ca1dd303c12242,i-08fb7ae532171e2f6,"Ensure discretionary access control permission modification events are collected : Command: `auditbeat show auditd-rules | grep perm_mod` stdout is expected to match /^-a (always,exit|exit,always) -F arch=b64 -S (.*fchownat.*) -F auid>=(1000|ubuntu) -F auid!=(-1|4294967295) -F key=perm_mod/"
96,28e8f8e1093c74946a8100947dfca189,i-08fb7ae532171e2f6,"Ensure discretionary access control permission modification events are collected : Command: `auditbeat show auditd-rules | grep perm_mod` stdout is expected to match /^-a (always,exit|exit,always) -F arch=b32 -S (.*fchownat.*) -F auid>=(1000|ubuntu) -F auid!=(-1|4294967295) -F key=perm_mod/"
97,a4e692c6f31e02ae514df593d3c29bb9,i-08fb7ae532171e2f6,"Ensure discretionary access control permission modification events are collected : Command: `auditbeat show auditd-rules | grep perm_mod` stdout is expected to match /^-a (always,exit|exit,always) -F arch=b64 -S (.*lchown.*) -F auid>=(1000|ubuntu) -F auid!=(-1|4294967295) -F key=perm_mod/"
98,e107d5314c9dc541ae5e225dc1ec4ef7,i-08fb7ae532171e2f6,"Ensure discretionary access control permission modification events are collected : Command: `auditbeat show auditd-rules | grep perm_mod` stdout is expected to match /^-a (always,exit|exit,always) -F arch=b32 -S (.*lchown.*) -F auid>=(1000|ubuntu) -F auid!=(-1|4294967295) -F key=perm_mod/"
99,5db9e33a2a21967b67f6b4e02fa63025,i-08fb7ae532171e2f6,"Ensure discretionary access control permission modification events are collected : Command: `auditbeat show auditd-rules | grep perm_mod` stdout is expected to match /^-a (always,exit|exit,always) -F arch=b64 -S (.*setxattr.*) -F auid>=(1000|ubuntu) -F auid!=(-1|4294967295) -F key=perm_mod/"
100,7d9df97d1ede28776fc36cbd95e2dce0,i-08fb7ae532171e2f6,"Ensure discretionary access control permission modification events are collected : Command: `auditbeat show auditd-rules | grep perm_mod` stdout is expected to match /^-a (always,exit|exit,always) -F arch=b32 -S (.*setxattr.*) -F auid>=(1000|ubuntu) -F auid!=(-1|4294967295) -F key=perm_mod/"
101,fb82ec9d98fedf2f750310f32ed44907,i-08fb7ae532171e2f6,"Ensure discretionary access control permission modification events are collected : Command: `auditbeat show auditd-rules | grep perm_mod` stdout is expected to match /^-a (always,exit|exit,always) -F arch=b64 -S (.*lsetxattr.*) -F auid>=(1000|ubuntu) -F auid!=(-1|4294967295) -F key=perm_mod/"
102,fea7265bd6c9e3ff3e5961b4f972b787,i-08fb7ae532171e2f6,"Ensure discretionary access control permission modification events are collected : Command: `auditbeat show auditd-rules | grep perm_mod` stdout is expected to match /^-a (always,exit|exit,always) -F arch=b32 -S (.*lsetxattr.*) -F auid>=(1000|ubuntu) -F auid!=(-1|4294967295) -F key=perm_mod/"
103,0f5c9cb982bef9606ae7d817a7f39722,i-08fb7ae532171e2f6,"Ensure discretionary access control permission modification events are collected : Command: `auditbeat show auditd-rules | grep perm_mod` stdout is expected to match /^-a (always,exit|exit,always) -F arch=b64 -S (.*fsetxattr.*) -F auid>=(1000|ubuntu) -F auid!=(-1|4294967295) -F key=perm_mod/"
104,265f151e9ce1f43c4b4662de3d39d81b,i-08fb7ae532171e2f6,"Ensure discretionary access control permission modification events are collected : Command: `auditbeat show auditd-rules | grep perm_mod` stdout is expected to match /^-a (always,exit|exit,always) -F arch=b32 -S (.*fsetxattr.*) -F auid>=(1000|ubuntu) -F auid!=(-1|4294967295) -F key=perm_mod/"
105,5fc028ee9ef50ba1c531f5dd7ed74a19,i-08fb7ae532171e2f6,"Ensure discretionary access control permission modification events are collected : Command: `auditbeat show auditd-rules | grep perm_mod` stdout is expected to match /^-a (always,exit|exit,always) -F arch=b64 -S (.*removexattr.*) -F auid>=(1000|ubuntu) -F auid!=(-1|4294967295) -F key=perm_mod/"
106,1afb15cb781be323b93b49a7ee504fda,i-08fb7ae532171e2f6,"Ensure discretionary access control permission modification events are collected : Command: `auditbeat show auditd-rules | grep perm_mod` stdout is expected to match /^-a (always,exit|exit,always) -F arch=b32 -S (.*removexattr.*) -F auid>=(1000|ubuntu) -F auid!=(-1|4294967295) -F key=perm_mod/"
107,0152a94b6e7791fe7c8cb1691ba15dd2,i-08fb7ae532171e2f6,"Ensure discretionary access control permission modification events are collected : Command: `auditbeat show auditd-rules | grep perm_mod` stdout is expected to match /^-a (always,exit|exit,always) -F arch=b64 -S (.*lremovexattr.*) -F auid>=(1000|ubuntu) -F auid!=(-1|4294967295) -F key=perm_mod/"
108,7a2f04f0a24de3b8b65488418b8aeac3,i-08fb7ae532171e2f6,"Ensure discretionary access control permission modification events are collected : Command: `auditbeat show auditd-rules | grep perm_mod` stdout is expected to match /^-a (always,exit|exit,always) -F arch=b32 -S (.*lremovexattr.*) -F auid>=(1000|ubuntu) -F auid!=(-1|4294967295) -F key=perm_mod/"
109,11b0365369ff630e0e35625698c6cebf,i-08fb7ae532171e2f6,"Ensure discretionary access control permission modification events are collected : Command: `auditbeat show auditd-rules | grep perm_mod` stdout is expected to match /^-a (always,exit|exit,always) -F arch=b64 -S (.*fremovexattr.*) -F auid>=(1000|ubuntu) -F auid!=(-1|4294967295) -F key=perm_mod/"
110,89faeadc3ed5ff8b1f75282e3e831bc2,i-08fb7ae532171e2f6,"Ensure discretionary access control permission modification events are collected : Command: `auditbeat show auditd-rules | grep perm_mod` stdout is expected to match /^-a (always,exit|exit,always) -F arch=b32 -S (.*fremovexattr.*) -F auid>=(1000|ubuntu) -F auid!=(-1|4294967295) -F key=perm_mod/"
111,67db95fabf418181a219f6948a2e8dee,i-08fb7ae532171e2f6,"Ensure unsuccessful unauthorized file access attempts are collected : Command: `auditbeat show auditd-rules | grep access` stdout is expected to match /^-a (always,exit|exit,always) -F arch=b64 -S (.*open.*) -F exit=-EACCES -F auid>=(1000|ubuntu) -F auid!=(-1|4294967295) -F key=access/"
112,86bec3c971f01d042b8b2d764bcadda0,i-08fb7ae532171e2f6,"Ensure unsuccessful unauthorized file access attempts are collected : Command: `auditbeat show auditd-rules | grep access` stdout is expected to match /^-a (always,exit|exit,always) -F arch=b32 -S (.*open.*) -F exit=-EACCES -F auid>=(1000|ubuntu) -F auid!=(-1|4294967295) -F key=access/"
113,13da5df3be3dc88dba6c64411ac48bb9,i-08fb7ae532171e2f6,"Ensure unsuccessful unauthorized file access attempts are collected : Command: `auditbeat show auditd-rules | grep access` stdout is expected to match /^-a (always,exit|exit,always) -F arch=b64 -S (.*open.*) -F exit=-EPERM -F auid>=(1000|ubuntu) -F auid!=(-1|4294967295) -F key=access/"
114,14bcf2013543a857e061afc1a3386d33,i-08fb7ae532171e2f6,"Ensure unsuccessful unauthorized file access attempts are collected : Command: `auditbeat show auditd-rules | grep access` stdout is expected to match /^-a (always,exit|exit,always) -F arch=b32 -S (.*open.*) -F exit=-EPERM -F auid>=(1000|ubuntu) -F auid!=(-1|4294967295) -F key=access/"
115,de4ec7e37a55ff360368f7f1e6ae551f,i-08fb7ae532171e2f6,"Ensure unsuccessful unauthorized file access attempts are collected : Command: `auditbeat show auditd-rules | grep access` stdout is expected to match /^-a (always,exit|exit,always) -F arch=b64 -S (.*truncate.*) -F exit=-EACCES -F auid>=(1000|ubuntu) -F auid!=(-1|4294967295) -F key=access/"
116,14554a6b35beeafd3d9ea25b2f236dea,i-08fb7ae532171e2f6,"Ensure unsuccessful unauthorized file access attempts are collected : Command: `auditbeat show auditd-rules | grep access` stdout is expected to match /^-a (always,exit|exit,always) -F arch=b32 -S (.*truncate.*) -F exit=-EACCES -F auid>=(1000|ubuntu) -F auid!=(-1|4294967295) -F key=access/"
117,e67ba878af6fda45f95e2112f1ac9a20,i-08fb7ae532171e2f6,"Ensure unsuccessful unauthorized file access attempts are collected : Command: `auditbeat show auditd-rules | grep access` stdout is expected to match /^-a (always,exit|exit,always) -F arch=b64 -S (.*truncate.*) -F exit=-EPERM -F auid>=(1000|ubuntu) -F auid!=(-1|4294967295) -F key=access/"
118,18790d3161ede3d64baeb287128e921e,i-08fb7ae532171e2f6,"Ensure unsuccessful unauthorized file access attempts are collected : Command: `auditbeat show auditd-rules | grep access` stdout is expected to match /^-a (always,exit|exit,always) -F arch=b32 -S (.*truncate.*) -F exit=-EPERM -F auid>=(1000|ubuntu) -F auid!=(-1|4294967295) -F key=access/"
119,43cc1a395f529e8bdce660ea54e11859,i-08fb7ae532171e2f6,"Ensure unsuccessful unauthorized file access attempts are collected : Command: `auditbeat show auditd-rules | grep access` stdout is expected to match /^-a (always,exit|exit,always) -F arch=b64 -S (.*ftruncate.*) -F exit=-EACCES -F auid>=(1000|ubuntu) -F auid!=(-1|4294967295) -F key=access/"
120,55fc881e5506ebb3670b1045b2970be5,i-08fb7ae532171e2f6,"Ensure unsuccessful unauthorized file access attempts are collected : Command: `auditbeat show auditd-rules | grep access` stdout is expected to match /^-a (always,exit|exit,always) -F arch=b32 -S (.*ftruncate.*) -F exit=-EACCES -F auid>=(1000|ubuntu) -F auid!=(-1|4294967295) -F key=access/"
121,832dccc077ace75efbb8ab9ca0074dcf,i-08fb7ae532171e2f6,"Ensure unsuccessful unauthorized file access attempts are collected : Command: `auditbeat show auditd-rules | grep access` stdout is expected to match /^-a (always,exit|exit,always) -F arch=b64 -S (.*ftruncate.*) -F exit=-EPERM -F auid>=(1000|ubuntu) -F auid!=(-1|4294967295) -F key=access/"
122,b5e98bd5b980a2212675ef21721b34bd,i-08fb7ae532171e2f6,"Ensure unsuccessful unauthorized file access attempts are collected : Command: `auditbeat show auditd-rules | grep access` stdout is expected to match /^-a (always,exit|exit,always) -F arch=b32 -S (.*ftruncate.*) -F exit=-EPERM -F auid>=(1000|ubuntu) -F auid!=(-1|4294967295) -F key=access/"
123,e946441c4ee37b11b240c35921758f3c,i-08fb7ae532171e2f6,"Ensure unsuccessful unauthorized file access attempts are collected : Command: `auditbeat show auditd-rules | grep access` stdout is expected to match /^-a (always,exit|exit,always) -F arch=b64 -S (.*creat.*) -F exit=-EACCES -F auid>=(1000|ubuntu) -F auid!=(-1|4294967295) -F key=access/"
124,575fa56438d902ea5a1721f9d56a16de,i-08fb7ae532171e2f6,"Ensure unsuccessful unauthorized file access attempts are collected : Command: `auditbeat show auditd-rules | grep access` stdout is expected to match /^-a (always,exit|exit,always) -F arch=b32 -S (.*creat.*) -F exit=-EACCES -F auid>=(1000|ubuntu) -F auid!=(-1|4294967295) -F key=access/"
125,6109d1d8df49a79220ff369af72272b5,i-08fb7ae532171e2f6,"Ensure unsuccessful unauthorized file access attempts are collected : Command: `auditbeat show auditd-rules | grep access` stdout is expected to match /^-a (always,exit|exit,always) -F arch=b64 -S (.*creat.*) -F exit=-EPERM -F auid>=(1000|ubuntu) -F auid!=(-1|4294967295) -F key=access/"
126,24158b59a75fad0d191d544e9eaadfc8,i-08fb7ae532171e2f6,"Ensure unsuccessful unauthorized file access attempts are collected : Command: `auditbeat show auditd-rules | grep access` stdout is expected to match /^-a (always,exit|exit,always) -F arch=b32 -S (.*creat.*) -F exit=-EPERM -F auid>=(1000|ubuntu) -F auid!=(-1|4294967295) -F key=access/"
127,93250c683bc078f3ef2ac49e1df37883,i-08fb7ae532171e2f6,"Ensure unsuccessful unauthorized file access attempts are collected : Command: `auditbeat show auditd-rules | grep access` stdout is expected to match /^-a (always,exit|exit,always) -F arch=b64 -S (.*openat.*) -F exit=-EACCES -F auid>=(1000|ubuntu) -F auid!=(-1|4294967295) -F key=access/"
128,ae0b245ab669738cbdc76cf3bed4a48b,i-08fb7ae532171e2f6,"Ensure unsuccessful unauthorized file access attempts are collected : Command: `auditbeat show auditd-rules | grep access` stdout is expected to match /^-a (always,exit|exit,always) -F arch=b32 -S (.*openat.*) -F exit=-EACCES -F auid>=(1000|ubuntu) -F auid!=(-1|4294967295) -F key=access/"
129,00feba99651445d618203214bcbd1c09,i-08fb7ae532171e2f6,"Ensure unsuccessful unauthorized file access attempts are collected : Command: `auditbeat show auditd-rules | grep access` stdout is expected to match /^-a (always,exit|exit,always) -F arch=b64 -S (.*openat.*) -F exit=-EPERM -F auid>=(1000|ubuntu) -F auid!=(-1|4294967295) -F key=access/"
130,ad98ef8fc55456daed363da998ae248a,i-08fb7ae532171e2f6,"Ensure unsuccessful unauthorized file access attempts are collected : Command: `auditbeat show auditd-rules | grep access` stdout is expected to match /^-a (always,exit|exit,always) -F arch=b32 -S (.*openat.*) -F exit=-EPERM -F auid>=(1000|ubuntu) -F auid!=(-1|4294967295) -F key=access/"
131,a92689fa209579c3d73de2c3c7ca2c40,i-08fb7ae532171e2f6,"Ensure use of privileged commands is collected : Command: `auditbeat show auditd-rules | grep privileged` stdout is expected to match /^-a (always,exit|exit,always) -S all -F path=\/sbin\/unix_chkpwd -F perm=x -F auid>=(1000|ubuntu) -F auid!=(-1|4294967295) -F key=privileged/"
132,7b481a04b9517f9394a1fe56e78e4711,i-08fb7ae532171e2f6,"Ensure use of privileged commands is collected : Command: `auditbeat show auditd-rules | grep privileged` stdout is expected to match /^-a (always,exit|exit,always) -S all -F path=\/sbin\/pam_extrausers_chkpwd -F perm=x -F auid>=(1000|ubuntu) -F auid!=(-1|4294967295) -F key=privileged/"
133,74f05b9b71f78b2c480f965bbbad2820,i-08fb7ae532171e2f6,"Ensure use of privileged commands is collected : Command: `auditbeat show auditd-rules | grep privileged` stdout is expected to match /^-a (always,exit|exit,always) -S all -F path=\/bin\/fusermount -F perm=x -F auid>=(1000|ubuntu) -F auid!=(-1|4294967295) -F key=privileged/"
134,89e897916f487e5e14c70ec1e94f1901,i-08fb7ae532171e2f6,"Ensure use of privileged commands is collected : Command: `auditbeat show auditd-rules | grep privileged` stdout is expected to match /^-a (always,exit|exit,always) -S all -F path=\/bin\/mount -F perm=x -F auid>=(1000|ubuntu) -F auid!=(-1|4294967295) -F key=privileged/"
135,7e80fdf36577a74e08915555650f688f,i-08fb7ae532171e2f6,"Ensure use of privileged commands is collected : Command: `auditbeat show auditd-rules | grep privileged` stdout is expected to match /^-a (always,exit|exit,always) -S all -F path=\/bin\/ping -F perm=x -F auid>=(1000|ubuntu) -F auid!=(-1|4294967295) -F key=privileged/"
136,267ff2521e425d2f0884d154359ef133,i-08fb7ae532171e2f6,"Ensure use of privileged commands is collected : Command: `auditbeat show auditd-rules | grep privileged` stdout is expected to match /^-a (always,exit|exit,always) -S all -F path=\/bin\/su -F perm=x -F auid>=(1000|ubuntu) -F auid!=(-1|4294967295) -F key=privileged/"
137,d63ef4728835d5d9b9461208e69080e4,i-08fb7ae532171e2f6,"Ensure use of privileged commands is collected : Command: `auditbeat show auditd-rules | grep privileged` stdout is expected to match /^-a (always,exit|exit,always) -S all -F path=\/bin\/umount -F perm=x -F auid>=(1000|ubuntu) -F auid!=(-1|4294967295) -F key=privileged/"
138,26b236142fe1eee21d2f1aab393ecf5a,i-08fb7ae532171e2f6,"Ensure use of privileged commands is collected : Command: `auditbeat show auditd-rules | grep privileged` stdout is expected to match /^-a (always,exit|exit,always) -S all -F path=\/usr\/lib\/snapd\/snap-confine -F perm=x -F auid>=(1000|ubuntu) -F auid!=(-1|4294967295) -F key=privileged/"
139,91227581818896cca5ae6ba8dcda4abf,i-08fb7ae532171e2f6,"Ensure use of privileged commands is collected : Command: `auditbeat show auditd-rules | grep privileged` stdout is expected to match /^-a (always,exit|exit,always) -S all -F path=\/usr\/lib\/dbus-1.0\/dbus-daemon-launch-helper -F perm=x -F auid>=(1000|ubuntu) -F auid!=(-1|4294967295) -F key=privileged/"
140,8997a3f546b0f505944cf11d41418611,i-08fb7ae532171e2f6,"Ensure use of privileged commands is collected : Command: `auditbeat show auditd-rules | grep privileged` stdout is expected to match /^-a (always,exit|exit,always) -S all -F path=\/usr\/lib\/eject\/dmcrypt-get-device -F perm=x -F auid>=(1000|ubuntu) -F auid!=(-1|4294967295) -F key=privileged/"
141,e6d0f149fdd9c4696afadc9753110904,i-08fb7ae532171e2f6,"Ensure use of privileged commands is collected : Command: `auditbeat show auditd-rules | grep privileged` stdout is expected to match /^-a (always,exit|exit,always) -S all -F path=\/usr\/lib\/policykit-1\/polkit-agent-helper-1 -F perm=x -F auid>=(1000|ubuntu) -F auid!=(-1|4294967295) -F key=privileged/"
142,022d981ff6c87cc92cdb0b56234405da,i-08fb7ae532171e2f6,"Ensure use of privileged commands is collected : Command: `auditbeat show auditd-rules | grep privileged` stdout is expected to match /^-a (always,exit|exit,always) -S all -F path=\/usr\/lib\/openssh\/ssh-keysign -F perm=x -F auid>=(1000|ubuntu) -F auid!=(-1|4294967295) -F key=privileged/"
143,d8c49409e087ad87d320adf4daf0df14,i-08fb7ae532171e2f6,"Ensure use of privileged commands is collected : Command: `auditbeat show auditd-rules | grep privileged` stdout is expected to match /^-a (always,exit|exit,always) -S all -F path=\/usr\/lib\/x86_64-linux-gnu\/lxc\/lxc-user-nic -F perm=x -F auid>=(1000|ubuntu) -F auid!=(-1|4294967295) -F key=privileged/"
144,573b4a92fe63d2d9e64ee4dff564dd35,i-08fb7ae532171e2f6,"Ensure use of privileged commands is collected : Command: `auditbeat show auditd-rules | grep privileged` stdout is expected to match /^-a (always,exit|exit,always) -S all -F path=\/usr\/lib\/x86_64-linux-gnu\/utempter\/utempter -F perm=x -F auid>=(1000|ubuntu) -F auid!=(-1|4294967295) -F key=privileged/"
145,e3ee7ee2cf95bfc484077c1fa862c360,i-08fb7ae532171e2f6,"Ensure use of privileged commands is collected : Command: `auditbeat show auditd-rules | grep privileged` stdout is expected to match /^-a (always,exit|exit,always) -S all -F path=\/usr\/bin\/chsh -F perm=x -F auid>=(1000|ubuntu) -F auid!=(-1|4294967295) -F key=privileged/"
146,da283d02c3faa8e5aaef8875560c5be9,i-08fb7ae532171e2f6,"Ensure use of privileged commands is collected : Command: `auditbeat show auditd-rules | grep privileged` stdout is expected to match /^-a (always,exit|exit,always) -S all -F path=\/usr\/bin\/chfn -F perm=x -F auid>=(1000|ubuntu) -F auid!=(-1|4294967295) -F key=privileged/"
147,d3c9cca69f3845102816b0ae72bf1236,i-08fb7ae532171e2f6,"Ensure use of privileged commands is collected : Command: `auditbeat show auditd-rules | grep privileged` stdout is expected to match /^-a (always,exit|exit,always) -S all -F path=\/usr\/bin\/traceroute6.iputils -F perm=x -F auid>=(1000|ubuntu) -F auid!=(-1|4294967295) -F key=privileged/"
148,8a16880dc1a0dbd1f90bb47d8049a1a3,i-08fb7ae532171e2f6,"Ensure use of privileged commands is collected : Command: `auditbeat show auditd-rules | grep privileged` stdout is expected to match /^-a (always,exit|exit,always) -S all -F path=\/usr\/bin\/passwd -F perm=x -F auid>=(1000|ubuntu) -F auid!=(-1|4294967295) -F key=privileged/"
149,3aea182be5b14328d20abbd34ff347aa,i-08fb7ae532171e2f6,"Ensure use of privileged commands is collected : Command: `auditbeat show auditd-rules | grep privileged` stdout is expected to match /^-a (always,exit|exit,always) -S all -F path=\/usr\/bin\/at -F perm=x -F auid>=(1000|ubuntu) -F auid!=(-1|4294967295) -F key=privileged/"
150,616a58d5f87e3fedab6506ca6d5d6dec,i-08fb7ae532171e2f6,"Ensure use of privileged commands is collected : Command: `auditbeat show auditd-rules | grep privileged` stdout is expected to match /^-a (always,exit|exit,always) -S all -F path=\/usr\/bin\/bsd-write -F perm=x -F auid>=(1000|ubuntu) -F auid!=(-1|4294967295) -F key=privileged/"
151,9ea0cc09d7e0758fa05bdc936cba7190,i-08fb7ae532171e2f6,"Ensure use of privileged commands is collected : Command: `auditbeat show auditd-rules | grep privileged` stdout is expected to match /^-a (always,exit|exit,always) -S all -F path=\/usr\/bin\/gpasswd -F perm=x -F auid>=(1000|ubuntu) -F auid!=(-1|4294967295) -F key=privileged/"
152,69b47a1fdc8699acdaf4899d6efab46e,i-08fb7ae532171e2f6,"Ensure use of privileged commands is collected : Command: `auditbeat show auditd-rules | grep privileged` stdout is expected to match /^-a (always,exit|exit,always) -S all -F path=\/usr\/bin\/ssh-agent -F perm=x -F auid>=(1000|ubuntu) -F auid!=(-1|4294967295) -F key=privileged/"
153,a5201c49c7cbe869c5ecadbdbd18cdac,i-08fb7ae532171e2f6,"Ensure use of privileged commands is collected : Command: `auditbeat show auditd-rules | grep privileged` stdout is expected to match /^-a (always,exit|exit,always) -S all -F path=\/usr\/bin\/expiry -F perm=x -F auid>=(1000|ubuntu) -F auid!=(-1|4294967295) -F key=privileged/"
154,d4d7edee67b6a245f373908d122fa978,i-08fb7ae532171e2f6,"Ensure use of privileged commands is collected : Command: `auditbeat show auditd-rules | grep privileged` stdout is expected to match /^-a (always,exit|exit,always) -S all -F path=\/usr\/bin\/pkexec -F perm=x -F auid>=(1000|ubuntu) -F auid!=(-1|4294967295) -F key=privileged/"
155,7837242ca92282c96fa14e5cc4ab4670,i-08fb7ae532171e2f6,"Ensure use of privileged commands is collected : Command: `auditbeat show auditd-rules | grep privileged` stdout is expected to match /^-a (always,exit|exit,always) -S all -F path=\/usr\/bin\/wall -F perm=x -F auid>=(1000|ubuntu) -F auid!=(-1|4294967295) -F key=privileged/"
156,62355241623fd47f18bf61d3d9762fe2,i-08fb7ae532171e2f6,"Ensure use of privileged commands is collected : Command: `auditbeat show auditd-rules | grep privileged` stdout is expected to match /^-a (always,exit|exit,always) -S all -F path=\/usr\/bin\/newgrp -F perm=x -F auid>=(1000|ubuntu) -F auid!=(-1|4294967295) -F key=privileged/"
157,6f2998602e496be8be3a2f88e703d567,i-08fb7ae532171e2f6,"Ensure use of privileged commands is collected : Command: `auditbeat show auditd-rules | grep privileged` stdout is expected to match /^-a (always,exit|exit,always) -S all -F path=\/usr\/bin\/newuidmap -F perm=x -F auid>=(1000|ubuntu) -F auid!=(-1|4294967295) -F key=privileged/"
158,60ded91d34b08f6be42a1ac3bd46761b,i-08fb7ae532171e2f6,"Ensure use of privileged commands is collected : Command: `auditbeat show auditd-rules | grep privileged` stdout is expected to match /^-a (always,exit|exit,always) -S all -F path=\/usr\/bin\/chage -F perm=x -F auid>=(1000|ubuntu) -F auid!=(-1|4294967295) -F key=privileged/"
159,1f1ec1563a4266a0f7c80663f417dfa0,i-08fb7ae532171e2f6,"Ensure use of privileged commands is collected : Command: `auditbeat show auditd-rules | grep privileged` stdout is expected to match /^-a (always,exit|exit,always) -S all -F path=\/usr\/bin\/sudo -F perm=x -F auid>=(1000|ubuntu) -F auid!=(-1|4294967295) -F key=privileged/"
160,4c699e53b9c218004fc76c76f9147ab8,i-08fb7ae532171e2f6,"Ensure use of privileged commands is collected : Command: `auditbeat show auditd-rules | grep privileged` stdout is expected to match /^-a (always,exit|exit,always) -S all -F path=\/usr\/bin\/crontab -F perm=x -F auid>=(1000|ubuntu) -F auid!=(-1|4294967295) -F key=privileged/"
161,c0db94bccf86aaf29d79ff30ba16fcf1,i-08fb7ae532171e2f6,"Ensure use of privileged commands is collected : Command: `auditbeat show auditd-rules | grep privileged` stdout is expected to match /^-a (always,exit|exit,always) -S all -F path=\/usr\/bin\/newgidmap -F perm=x -F auid>=(1000|ubuntu) -F auid!=(-1|4294967295) -F key=privileged/"
162,c96ba4cb81345ee27381778789326c9e,i-08fb7ae532171e2f6,"Ensure use of privileged commands is collected : Command: `auditbeat show auditd-rules | grep privileged` stdout is expected to match /^-a (always,exit|exit,always) -S all -F path=\/usr\/bin\/mlocate -F perm=x -F auid>=(1000|ubuntu) -F auid!=(-1|4294967295) -F key=privileged/"
163,927d5408ca87978675393a0fbc18e284,i-08fb7ae532171e2f6,"Ensure successful file system mounts are collected : Command: `auditbeat show auditd-rules | grep mounts` stdout is expected to match /^-a (always,exit|exit,always) -F arch=b64 -S mount -F auid>=(1000|ubuntu) -F auid!=(-1|4294967295) -F key=mounts/"
164,baba8e5df937dbea8d23428e49c942a8,i-08fb7ae532171e2f6,"Ensure successful file system mounts are collected : Command: `auditbeat show auditd-rules | grep mounts` stdout is expected to match /^-a (always,exit|exit,always) -F arch=b32 -S mount -F auid>=(1000|ubuntu) -F auid!=(-1|4294967295) -F key=mounts/"
165,a92523c975970eb48ec1fa7fbee7d204,i-08fb7ae532171e2f6,"Ensure file deletion events by users are collected : Command: `auditbeat show auditd-rules | grep delete` stdout is expected to match /^-a (always,exit|exit,always) -F arch=b64 -S (.*rename.*) -F auid>=(1000|ubuntu) -F auid!=(-1|4294967295) -F key=delete/"
166,a92523c975970eb48ec1fa7fbee7d204,i-08fb7ae532171e2f6,"Ensure file deletion events by users are collected : Command: `auditbeat show auditd-rules | grep delete` stdout is expected to match /^-a (always,exit|exit,always) -F arch=b64 -S (.*rename.*) -F auid>=(1000|ubuntu) -F auid!=(-1|4294967295) -F key=delete/"
167,61134a20179614761256eefa23f1e392,i-08fb7ae532171e2f6,"Ensure file deletion events by users are collected : Command: `auditbeat show auditd-rules | grep delete` stdout is expected to match /^-a (always,exit|exit,always) -F arch=b64 -S (.*unlink.*) -F auid>=(1000|ubuntu) -F auid!=(-1|4294967295) -F key=delete/"
168,61134a20179614761256eefa23f1e392,i-08fb7ae532171e2f6,"Ensure file deletion events by users are collected : Command: `auditbeat show auditd-rules | grep delete` stdout is expected to match /^-a (always,exit|exit,always) -F arch=b64 -S (.*unlink.*) -F auid>=(1000|ubuntu) -F auid!=(-1|4294967295) -F key=delete/"
169,ef727895e33ba752359040efc9f77409,i-08fb7ae532171e2f6,"Ensure file deletion events by users are collected : Command: `auditbeat show auditd-rules | grep delete` stdout is expected to match /^-a (always,exit|exit,always) -F arch=b64 -S (.*unlinkat.*) -F auid>=(1000|ubuntu) -F auid!=(-1|4294967295) -F key=delete/"
170,ef727895e33ba752359040efc9f77409,i-08fb7ae532171e2f6,"Ensure file deletion events by users are collected : Command: `auditbeat show auditd-rules | grep delete` stdout is expected to match /^-a (always,exit|exit,always) -F arch=b64 -S (.*unlinkat.*) -F auid>=(1000|ubuntu) -F auid!=(-1|4294967295) -F key=delete/"
171,3c376a65f2541f88ae6389fc5ccb5472,i-08fb7ae532171e2f6,"Ensure file deletion events by users are collected : Command: `auditbeat show auditd-rules | grep delete` stdout is expected to match /^-a (always,exit|exit,always) -F arch=b64 -S (.*renameat.*) -F auid>=(1000|ubuntu) -F auid!=(-1|4294967295) -F key=delete/"
172,3c376a65f2541f88ae6389fc5ccb5472,i-08fb7ae532171e2f6,"Ensure file deletion events by users are collected : Command: `auditbeat show auditd-rules | grep delete` stdout is expected to match /^-a (always,exit|exit,always) -F arch=b64 -S (.*renameat.*) -F auid>=(1000|ubuntu) -F auid!=(-1|4294967295) -F key=delete/"
173,95af215b0dc0af7992d24c2600d9523d,i-08fb7ae532171e2f6,"Ensure changes to system administration scope (sudoers) are collected : Command: `auditbeat show auditd-rules | grep scope` stdout is expected to match /^-a (always,exit|exit,always) -S all -F path=\/etc\/sudoers -F perm=(wa|aw) -F auid!=(-1|4294967295) -F key=scope/"
174,22f5a69f5513b8cf4d303d7dcb02b556,i-08fb7ae532171e2f6,"Ensure changes to system administration scope (sudoers) are collected : Command: `auditbeat show auditd-rules | grep scope` stdout is expected to match /^-a (always,exit|exit,always) -S all -F path=\/etc\/sudoers.d -F perm=(wa|aw) -F auid!=(-1|4294967295) -F key=scope/"
175,f275b96f78dd60502e79f13bbce10f56,i-08fb7ae532171e2f6,"Ensure system administrator actions (sudolog) are collected : Command: `auditbeat show auditd-rules | grep actions` stdout is expected to match /^-a (always,exit|exit,always) -S all -F path=\/var\/log\/sudo.log -F perm=(wa|aw) -F auid!=(-1|4294967295) -F key=actions/"
176,14d72c02f839a8d49e53a598b42abf0b,i-08fb7ae532171e2f6,"Ensure kernel module loading and unloading is collected : Command: `auditbeat show auditd-rules | grep modules` stdout is expected to match /^-a (always,exit|exit,always) -S all -F path=\/sbin\/insmod -F perm=(wa|aw) -F auid!=(-1|4294967295) -F key=modules/"
177,05851edbff1be8b958177720c27b9b16,i-08fb7ae532171e2f6,"Ensure kernel module loading and unloading is collected : Command: `auditbeat show auditd-rules | grep modules` stdout is expected to match /^-a (always,exit|exit,always) -S all -F path=\/sbin\/rmmod -F perm=(wa|aw) -F auid!=(-1|4294967295) -F key=modules/"
178,32ede850cc6ef2ee16fe201ce73abf3c,i-08fb7ae532171e2f6,"Ensure kernel module loading and unloading is collected : Command: `auditbeat show auditd-rules | grep modules` stdout is expected to match /^-a (always,exit|exit,always) -S all -F path=\/sbin\/modprobe -F perm=(wa|aw) -F auid!=(-1|4294967295) -F key=modules/"
179,0cd2651dcae7d13611e7cb55883f6451,i-08fb7ae532171e2f6,"Ensure kernel module loading and unloading is collected : Command: `auditbeat show auditd-rules | grep modules` stdout is expected to match /^-a (always,exit|exit,always) -F arch=b64 -S (.*init_module.*) -F key=modules/"
180,e781b39dfc7b2a8d09b09d3458172a70,i-08fb7ae532171e2f6,"Ensure kernel module loading and unloading is collected : Command: `auditbeat show auditd-rules | grep modules` stdout is expected to match /^-a (always,exit|exit,always) -F arch=b64 -S (.*delete_module.*) -F key=modules/"
181,1e4ee915ab4bdee037581ab5be616519,i-08fb7ae532171e2f6,"Ensure changes made to the auditing tool, Auditbeat, and its audit rules are collected : Command: `auditbeat show auditd-rules | grep auditrules` stdout is expected to match /^-a (always,exit|exit,always) -S all -F path=\/etc\/auditbeat\/auditbeat.yml -F perm=(wa|aw) -F auid!=(-1|4294967295) -F key=auditrules/"
182,40889f5ea637cc6911b70f1d6fb89fa4,i-08fb7ae532171e2f6,"Ensure changes made to the auditing tool, Auditbeat, and its audit rules are collected : Command: `auditbeat show auditd-rules | grep auditrules` stdout is expected to match /^-a (always,exit|exit,always) -S all -F path=\/etc\/auditbeat\/audit.rules.d\/(.*.conf) -F perm=(wa|aw) -F auid!=(-1|4294967295) -F key=auditrules/"
183,d46644c1a42436c845aea088df806a17,i-08fb7ae532171e2f6,"Exclude unnecessary logging from Daemon and UNSET login UID : Command: `auditbeat show auditd-rules` stdout is expected to match /^-a (always,exclude|exclude,always) -F auid=-1/"
184,dfb41141beecb0731e9bc7f69d9716e9,i-08fb7ae532171e2f6,"Ensure root actions are collected : Command: `auditbeat show auditd-rules | grep key=root` stdout is expected to match /^-a (always,exit|exit,always) -F arch=b32 -S execve -F euid=root -F auid!=-1 -F key=root/"
185,8275959ba9f5dea3dd34ca693c252868,i-08fb7ae532171e2f6,"Ensure root actions are collected : Command: `auditbeat show auditd-rules | grep key=root` stdout is expected to match /^-a (always,exit|exit,always) -F arch=b64 -S execve -F euid=root -F auid!=-1 -F key=root/"
186,003026f4a0af734bd9f3f3aab4b334e6,i-08fb7ae532171e2f6,"Ensure filebeatis installed, enabled and running. : System Package filebeat is expected to be installed"
187,0ff2fde352a9653be371703e7b96c01f,i-08fb7ae532171e2f6,"Ensure filebeatis installed, enabled and running. : Service filebeat is expected to be enabled"
188,0eb1f5a481686ceaa178f0da17a40dbf,i-08fb7ae532171e2f6,"Ensure filebeatis installed, enabled and running. : Service filebeat is expected to be running"
189,52dad95c1250bdba7fa708574fbc639f,i-08fb7ae532171e2f6,"Ensure filebeat with default file permissions and is configured to send logs to a remote log host. : File /etc/filebeat/filebeat.yml is expected to be owned by ""root"""
190,5f1b9ee07a9b194d1ed69c9ff44d2b96,i-08fb7ae532171e2f6,"Ensure filebeat with default file permissions and is configured to send logs to a remote log host. : File /etc/filebeat/filebeat.yml is expected to be grouped into ""root"""
191,54b1bd42633cf51746bff1ed4614093c,i-08fb7ae532171e2f6,"Ensure filebeat with default file permissions and is configured to send logs to a remote log host. : File /etc/filebeat/filebeat.yml is expected not to be more permissive than ""0644"""
192,458288666fb0849f7b4a9b47be64a5e4,i-08fb7ae532171e2f6,Ensure filebeat with default file permissions and is configured to send logs to a remote log host. : File /etc/filebeat/filebeat.yml content is expected to match /^\s*?hosts:\slogmon1.non-prod.is.estl.sg/
193,7ad408030c118c88c1824fe778f0417f,i-08fb7ae532171e2f6,"Ensure permissions on cron configuration files are configured. : File /etc/crontab is expected not to be more permissive than ""0600"""
194,a36b4a5cb1f834a5c2a7b86d89be6b04,i-08fb7ae532171e2f6,"Ensure permissions on cron configuration files are configured. : File /etc/cron.hourly is expected not to be more permissive than ""0700"""
195,c95a16cb8bf933db053241e0f7e46905,i-08fb7ae532171e2f6,"Ensure permissions on cron configuration files are configured. : File /etc/cron.daily is expected not to be more permissive than ""0700"""
196,5550b545ef1a2f6617a2f51095d7601d,i-08fb7ae532171e2f6,"Ensure permissions on cron configuration files are configured. : File /etc/cron.weekly is expected not to be more permissive than ""0700"""
197,caf9e6cb3d54134bd030a56de9ab124f,i-08fb7ae532171e2f6,"Ensure permissions on cron configuration files are configured. : File /etc/cron.monthly is expected not to be more permissive than ""0700"""
198,4945797f6bc0fea07289b19e411483c9,i-08fb7ae532171e2f6,"Ensure permissions on cron configuration files are configured. : File /etc/cron.d is expected not to be more permissive than ""0700"""
199,da0e12f7db375af23364cb0cbccaaf67,i-08fb7ae532171e2f6,"Ensure permissions on /etc/ssh/sshd_config are configured. : File /etc/ssh/sshd_config is expected not to be more permissive than ""0600"""
200,d304c2b179913cdfd5eb756e856265ae,i-08fb7ae532171e2f6,"Ensure SSH X11 forwarding is disabled. : Command: `sshd -T | grep -i x11forwarding` stdout is expected to match ""x11forwarding no"""
201,e692537ee7eea51c9f6e9970551a2423,i-08fb7ae532171e2f6,Ensure SSH MaxAuthTries is set to 4 or less. : Command: `sshd -T | grep -i maxauthtries` stdout is expected to match /^maxauthtries\s(?:[1-4]|4)$/
202,23913d0d0a8377f9a7cc92f4267a1fdd,i-08fb7ae532171e2f6,"Ensure SSH root login is disabled. : Command: `sshd -T | grep -i permitrootlogin` stdout is expected to match ""permitrootlogin no"""
203,8e0f91133a1f39b4200bbc1941c07616,i-08fb7ae532171e2f6,Ensure only strong MAC algorithms are used. : Command: `sshd -T | grep -i 'MACs'` stdout is expected not to match /hmac-sha1/
204,46835dda1e0dd5d37dc5a7184b372d2c,i-08fb7ae532171e2f6,Ensure only strong MAC algorithms are used. : Command: `sshd -T | grep -i 'MACs'` stdout is expected not to match /umac-64@openssh.com/
205,7c6d8ce63c7c363c9a4f7838f44500d9,i-08fb7ae532171e2f6,Ensure only strong MAC algorithms are used. : Command: `sshd -T | grep -i 'MACs'` stdout is expected not to match /umac-128@openssh.com/
206,aa50f4cbf6388c8a5a31cd66735f8b73,i-08fb7ae532171e2f6,Ensure only strong MAC algorithms are used. : Command: `sshd -T | grep -i 'MACs'` stdout is expected not to match /hmac-sha1-etm@openssh.com/
207,79cdaedda2a71284e1b4437495126675,i-08fb7ae532171e2f6,Ensure only strong MAC algorithms are used. : Command: `sshd -T | grep -i 'MACs'` stdout is expected not to match /umac-64-etm@openssh.com/
208,d07c56d3d7e0de51815c97dee7f15bc5,i-08fb7ae532171e2f6,Ensure only strong MAC algorithms are used. : Command: `sshd -T | grep -i 'MACs'` stdout is expected not to match /umac-128-etm@openssh.com/
209,ab2ff64ab0b2c05066b27ea14fb41044,i-08fb7ae532171e2f6,Ensure only strong Key Exchange algorithms are used. : Command: `sshd -T | grep -i kexalgorithms` stdout is expected not to match /diffie-hellman-group14-sha1/
210,25c1bd58678bfb62b3542cd9a772478c,i-08fb7ae532171e2f6,Ensure SSH LoginGraceTime is set to one minute or less. : Command: `sshd -T | grep -i logingracetime` stdout is expected to match /^logingracetime\s(?:[1-9]|0[1-9]|60)$/
211,0f5dedede50d7e4110d0917f1b36a470,i-08fb7ae532171e2f6,"Ensure SSH warning banner is configured. : Command: `sshd -T | grep -i banner` stdout is expected to match ""banner /etc/issue.net"""
212,b6566cdb42f1fcdeaad510b8d7c78688,i-08fb7ae532171e2f6,Ensure root PATH Integrity. : File /root/.chefdk/gem/ruby/2.6.0/bin is expected to be directory
213,2b5525bf87d503bcc13b2250dc2ce553,i-08fb7ae532171e2f6,"Ensure root PATH Integrity. : File /root/.chefdk/gem/ruby/2.6.0/bin is expected to be owned by ""root"""
214,a588ccb4b5bc9dd05ae5f03c402d5582,i-08fb7ae532171e2f6,Ensure users' home directories permissions are 750 or more restrictive. : File /home/ubuntu is expected not to be readable by other
215,51ffc0b87a862effca3b502b75d26041,i-08fb7ae532171e2f6,Ensure users' home directories permissions are 750 or more restrictive. : File /home/ubuntu is expected not to be executable by other
